model,image,ground_truth,predictions,true_positive,false_positive,false_negative,worker_ms,reference_predictions,reference_matches
smoke_1ch,sample_00.png,1,0,0,0,1,31.80000001192093,0,0
smoke_1ch,sample_01.png,1,0,0,0,1,16.100000023841858,0,0
smoke_1ch,sample_02.png,1,0,0,0,1,14.899999976158142,0,0
smoke_1ch,sample_03.png,1,0,0,0,1,16.399999976158142,0,0
cells_1ch_w0844,cell_0016.png,57,57,57,0,0,1640.199999988079,57,57
cells_1ch_w0844,cell_0035.png,80,80,80,0,0,1895.300000011921,80,80
cells_1ch_w0844,cell_0038.png,58,58,58,0,0,1686.800000011921,58,58
cells_1ch_w0844,cell_0040.png,95,95,95,0,0,1536.6000000238419,95,95
cells_1ch_w0844,cell_0051.png,65,65,65,0,0,1538,65,65
cells_1ch_w0844,cell_0063.png,98,98,98,0,0,1543.8999999761581,98,98
cells_1ch_w0844,cell_0069.png,77,77,77,0,0,1606.3999999761581,77,77
cells_1ch_w0844,cell_0076.png,87,87,87,0,0,1574.5999999642372,87,87
cells_1ch_w0844,cell_0086.png,90,90,90,0,0,1583.7999999523163,90,90
cells_1ch_w0844,cell_0088.png,53,53,53,0,0,1527.699999988079,53,53
cells_1ch_w0844,cell_0091.png,96,96,96,0,0,1570.699999988079,96,96
cells_1ch_w0844,cell_0092.png,78,78,78,0,0,1593.6000000238419,78,78
cells_1ch_w0844,cell_0096.png,87,87,87,0,0,1572.5,87,87
cells_1ch_w0844,cell_0098.png,80,79,79,0,1,1566.6000000238419,79,79
cells_1ch_w0844,cell_0104.png,93,93,93,0,0,1566.8999999761581,93,93
cells_1ch_w0844,cell_0113.png,97,97,97,0,0,1612.699999988079,97,97
cells_1ch_w0844,cell_0128.png,58,58,58,0,0,1583.4000000357628,58,58
cells_1ch_w0844,cell_0152.png,71,71,71,0,0,1525.5,71,71
cells_1ch_w0844,cell_0162.png,54,54,54,0,0,1522.3999999761581,54,54
cells_1ch_w0844,cell_0174.png,69,69,69,0,0,1488.1000000238419,69,69
cells_1ch_w0844,cell_0183.png,95,95,95,0,0,1542.1000000238419,95,95
cells_1ch_w0844,cell_0187.png,99,99,99,0,0,1556.9000000357628,99,99
cells_1ch_w0844,cell_0190.png,74,74,74,0,0,1507,74,74
cells_1ch_w0844,cell_0221.png,68,68,68,0,0,1519,68,68
cells_1ch_w0844,cell_0222.png,66,67,66,1,0,1529.9000000357628,67,67
cells_1ch_w0844,cell_0238.png,60,60,60,0,0,1523.7000000476837,60,60
cells_1ch_w0844,cell_0265.png,95,95,95,0,0,1519.8999999761581,95,95
cells_1ch_w0844,cell_0268.png,66,66,66,0,0,1561.800000011921,66,66
cells_1ch_w0844,cell_0286.png,82,82,82,0,0,1566.199999988079,82,82
cells_1ch_w0844,cell_0296.png,94,94,94,0,0,1585.300000011921,94,94
cells_3ch,cell_0016.png,57,58,57,1,0,2164.600000023842,58,58
cells_3ch,cell_0035.png,80,80,80,0,0,2175.599999964237,80,80
cells_3ch,cell_0038.png,58,58,58,0,0,2127.699999988079,58,58
cells_3ch,cell_0040.png,95,95,95,0,0,2127,95,95
cells_3ch,cell_0051.png,65,66,65,1,0,2171.2999999523163,66,66
cells_3ch,cell_0063.png,98,98,98,0,0,2124,98,98
cells_3ch,cell_0069.png,77,77,77,0,0,2137.2999999523163,77,77
cells_3ch,cell_0076.png,87,87,87,0,0,2116.600000023842,87,87
cells_3ch,cell_0086.png,90,90,90,0,0,2139.300000011921,90,90
cells_3ch,cell_0088.png,53,53,53,0,0,2138.100000023842,53,53
cells_3ch,cell_0091.png,96,97,96,1,0,2143.599999964237,97,97
cells_3ch,cell_0092.png,78,78,78,0,0,2090.300000011921,78,78
cells_3ch,cell_0096.png,87,87,87,0,0,2101.600000023842,87,87
cells_3ch,cell_0098.png,80,79,79,0,1,2103.699999988079,79,79
cells_3ch,cell_0104.png,93,93,93,0,0,2178.100000023842,93,93
cells_3ch,cell_0113.png,97,97,97,0,0,2171.199999988079,97,97
cells_3ch,cell_0128.png,58,58,58,0,0,2197.7000000476837,58,58
cells_3ch,cell_0152.png,71,71,71,0,0,2186.300000011921,71,71
cells_3ch,cell_0162.png,54,54,54,0,0,2201,54,54
cells_3ch,cell_0174.png,69,69,69,0,0,2189.7000000476837,69,69
cells_3ch,cell_0183.png,95,95,95,0,0,2166.699999988079,95,95
cells_3ch,cell_0187.png,99,99,99,0,0,2208.900000035763,99,99
cells_3ch,cell_0190.png,74,74,74,0,0,2127.899999976158,74,74
cells_3ch,cell_0221.png,68,69,68,1,0,2166.5,69,69
cells_3ch,cell_0222.png,66,66,66,0,0,2161.599999964237,66,66
cells_3ch,cell_0238.png,60,60,60,0,0,2142.600000023842,60,60
cells_3ch,cell_0265.png,95,95,95,0,0,2178.800000011921,95,95
cells_3ch,cell_0268.png,66,66,66,0,0,2142.5,66,66
cells_3ch,cell_0286.png,82,82,82,0,0,2192.199999988079,82,82
cells_3ch,cell_0296.png,94,94,94,0,0,2185.300000011921,94,94
